{
  "explanations": [
    {
      "importances": [
        0.0,
        -0.14403946955295752,
        0.27738993789305466,
        -0.07400246982841178,
        0.08229612410414909,
        0.48818893239148936,
        -0.4699206035873072,
        0.48373614214053895,
        -0.2930872942428316,
        -0.32673914053860964,
        -0.06515631495421433,
        0.0
      ],
      "words": [
        "[CLS]",
        "the",
        "recent",
        "climate",
        "change",
        "across",
        "world",
        "is",
        "impact",
        "##ing",
        "negatively",
        "[SEP]"
      ],
      "delta": -0.0010374430790551711
    }
  ]
}

